CD4.,CD8.,mono,Bcells,NK,gran
0.0524850785395088,0.0072513264299474,0.0902930930764717,-1.82074581695134e-20,0,0.849970501954072
0.170705080500597,0.0588989283411509,0.0248965828927959,0.119856724778476,0.0219166445848746,0.603726038902105
0.158016953863006,0.0823761733648569,0.0974663572134082,0.0923476726802501,0.0414128234493722,0.528380019429107
0.0868844172469569,0.0659241918772573,0.0961640567645199,0.00116888290891442,0.0548415935901294,0.695016857612222
0.134157001704202,0.115626226778926,0.0532762051781818,-1.42498221264435e-20,0.0578153376176548,0.639125228721035
0.0862705392824824,0.0252645605806323,0.0177701893334989,0.00675871529977566,0,0.863935995503611
0.0159096936974672,0.200159478630499,0.0939757966089103,0.0255349243756806,0.0218144643346483,0.642605642352795
0.103929073738763,0.099456802334744,0.0666630707656963,0.032825030088125,0.100740199348304,0.596385823724368
0.185708774629431,0.0879456025888673,0.0551779614779062,0.0210281519653802,0,0.650139509338415
0.133283581655904,0,0.0799798131758043,0.0150964054161824,0.0391335504805255,0.732506649271584
0.102527046207597,0.0437558432379643,0.114705693134757,-8.67361737988404e-19,0.0523014621064071,0.686709955313274
0.202866755616084,0.00962869090805672,0.0669802177036238,0.0320761432123147,0.0361618273753574,0.652286365184563
0.222563964596147,0.0716677800567268,0.0580608519102035,0.0503736501349389,0.116938149110785,0.480395604191198
0.184958779312308,0.143717993275067,0.0595748743394417,0.0544879701461906,0.0391366441408282,0.518123738786165
0.125822513040807,0.161458944534154,0.0518493881074807,0.0489435546213252,0.18833852281433,0.423587076881903
0.153662723512092,0.0915404599298607,0.0401108744261286,0.0603202100361403,0.0811732376594343,0.573192494436344
0.119915802884702,0.0934869055859299,0.0930799176191165,0.0233916277214996,9.2328512613054707e-05,0.670033417676139
0.065933164528679,0.0801632457418581,0.0514862090892972,0.0508790722005293,0.0307761090724175,0.720762199367219
0.150912201433826,0.190935157336639,0.069803303262438,0.0437096201131792,0.00176532775617934,0.542874390097739
0.183180840523939,0.0470581780257688,0.0441825524073882,0.0408021432003943,0,0.684776285842509
0.211276909660055,0.0727860150514012,0.0407902035868842,0.077418867092983,0,0.597728004608676
0.157229814062192,0.0470189140933859,0.0878111657994202,0.0880094143914758,0.0370705735818151,0.582860118071711
0.229317453245431,0.0724963349790906,0.0516179456308631,0.0618789026887753,0.0873273515143188,0.497362011941521
0.226076410508699,0.0586896014672535,0.0269625697319201,0.0909004726922319,0.0919583116966358,0.50541263390326
0.222527454033966,0.0313226185202834,0.0423148757166811,0.0623364030864839,0.00525861935358237,0.636240029289003
0.113961583976246,0.100642902023337,0.0417754158468546,0.0215139302755157,0.0386113047901765,0.683494863087871
0.157263786263883,0.0975366738550844,0.0265278668454322,0.0276404707826127,0.0300063732203789,0.661024829032609
0.15480609868957,0.0760799226873251,0.0479478206138252,0.0033923125029124,0.118328978790938,0.599444866715429
0.133454267962093,0.0257936978210116,0.115665693655483,0.0135665888929253,0.0106874205046096,0.700832331163877
0.147706114495055,0.135816193540667,0.0134149344050667,0.0676091133367984,0.049685198123574,0.585768446098838
0.119222558054462,0.0450413769615899,0.0766612157878894,0.0576876266095498,0.0865054143181473,0.614881808268362
0.205206546385443,0.0268763887774795,0.0500189241296012,0.06201713806085,0.15836435609854,0.497516646548086
0.140114607981931,0.0046315956620588,0.103196500650593,0.0289299830488778,0.0432441929150019,0.679883119741538
0.123494034255937,0.0479007514868981,0.0505908743465482,0.0799729668155852,0.0284721929796453,0.669569180115387
0.307469438325163,0.077148602780054,0.0102881087233502,0.0676123081232658,0.0733572918976285,0.464124250150538
0.0809939111351795,0.0919116642824078,0.106558462993053,0,0.0290498457472482,0.691486115842111
0.158361344577236,0.0882863478780197,0.0229328349561752,0.0403498405972784,0.0733087230131394,0.616760908978151
0.128810001621629,0.129555114759426,0.0650447171106588,0.0991537790013174,0.0254028180300343,0.552033569476934
0.14747304415098,2.02764971123752e-18,0.042263263660832,0.031697374602002,0.150442905738998,0.628123411847188
0.074119198621248,0.175212959276348,0.0519797682333917,0.0115007472786585,0.0137716047707298,0.673415721819624
0.079251431187626,0.0231106697226394,0.0490166866137455,0.00795066324647523,0.0226498688873394,0.818020680342174
0.184953974285057,0.0381528806391838,0.0706186413313102,0.0165451039721168,0.00389339140468045,0.685836008367652
0.162496080461178,0.0597649216845047,0.032610044664018,0.0345569691831546,0.0315603169475234,0.679011667059622
0.108039150519691,0.0999249465779422,0.0855639349255207,0.00744338503053967,0,0.699028582946306
0.210558232161585,0.0657186797240607,0.0277274223791392,0.0549214172997175,0.070898354658679,0.570175893776818
0.178809385915469,0.0386658613999361,0.0575941574866875,0.0742715539766924,0.0610769232879469,0.589582117933268
0.0753227714612387,0.0148553227636668,0.0914419496277655,0.0233845241776285,0.0270091796594741,0.767986252310227
0.164487788986224,0.0650085830183996,0.0367185648502179,0.0297094625236673,0.0244990875550654,0.679576513066426
0.190280702961126,0.0602058855476097,0.0565565305095562,0.0458408505979812,0.021673743644799,0.625442286738928
0.178042852997813,0.0459001920203373,0.0195275568954087,0.019221894184649,0.0192950111872066,0.718012492714585
0.10020715571401,0.104027221773575,0.0649664349635541,0.01415835756543,0.0777517322199023,0.638889097763529
0.236066140530856,0.0673095525146026,0.0200214406487393,0.0608854394668653,0.0862109669725067,0.52950645986643
0.103588788126944,0.13768984801924,0.0737447423182789,0.0316603047963702,0.0435063811842344,0.609809935554933
0.153074673724792,0.156608735440792,0.046180038939301,0.0933079976517536,0.0656178989308717,0.48521065531249
0.139653572232358,0.0657294942017072,0.0447715390472753,0.0917121374455297,0,0.658133257073129
0.312485455188393,0.0223336740060233,0.0155030557925112,0.0657018162033047,0.00942831105315958,0.574547687756608
0.104582189140307,0.0918495273478595,0.0534410853271831,0.0348162228922081,0.00844410132854413,0.706866873963898
0.0762183224111519,0.210689584859872,0.0904894734190006,0.00349589617730242,0.0339742077636284,0.585132515369045
0.199956962238365,0.0134193662147916,0.0673798892787667,0.0127890142678349,0.0973914314618593,0.609063336538382
0.147502753072159,0.0818335358988468,0.0565331968221691,0.146202716454775,0.0389135691337183,0.529014228618332
0.145231863404065,0.197488825981012,0.0265966942197156,0.0215199494360019,0.132830792295162,0.476331874664044
0.180312968888251,0.076319918190734,0.0252595525455095,0.0680826732954344,0.040147658635294,0.609877228444777
0.152466567632789,0.060787580261117,0.0444009575570428,0.0476893026967094,0.00358891351103297,0.691066678341308
0.116834150124846,0.063651373172747,0.0690276040871713,0.00413803389831921,0.00981666619148003,0.736532172525437
0.187792055182649,0.105055162049688,0.0403395748971424,0.0639315879077412,0.0915665492018592,0.51131507076092
0.102457054359487,0.018188104761057,0.0418957246721248,0.0112988478637593,0.038465503633304,0.787694764710268
0.197311271944965,0.0620238145041359,0.038135122472814,0.0320843184929978,0,0.670445472585087
0.1540453617665,0.0341516074779032,0.0730897674036718,0.0490205143802649,0.012557843085192,0.677134905886468
0.0614677958796274,0.0972390442180619,0.100518930505247,0.00346022976097788,0.0535022054291112,0.683811794206975
0.0508927598677179,0.0775629227626247,0.0615380028151308,-2.16840434497101e-19,0.0518967776720696,0.758109536882457
0.107036771443821,0.045710580873763,0.0653665332508277,0.0262362907905781,0.0614350450184842,0.694214778622526
0.172520195748652,0.0109490543897722,0.0164959997780027,0.0423480688157425,0.138080490011098,0.619606191256733
0.111300738160798,0.0732611365539856,0.0551084072518031,0.0372835000897541,0.0528998792196755,0.670146338723984
0.108949679451354,0.108406058660129,0.0673288342595204,0.00114546937779142,0.00941295514566216,0.704757003105543
0.0688978850474746,0.109724721424437,0.0803978897584015,0.0240288759768901,0.169837783424228,0.547112844368569
0.104555449355126,0.102638997627705,0.058085900056371,0.0336075923126031,0.072071295380647,0.629040765267548
0.0821119915309561,0.0502016640343912,0.0565007994154009,0,0.0118128613435002,0.799372683675752
0.199524800158659,0.0693021712306016,0.0520718974418142,0.0692081675687318,0.0159832872545213,0.593909676345672
0.115750566314372,0.0123756701469746,0.0613939914545193,0.00372912846547595,0,0.806750643618659
0.186952709051945,0.10605202407572,0.0573121695410474,0.104527914755354,0.0221336546143034,0.52302152796163
0.179689119239625,0.183208488768612,0.0395264420384594,0.121933606736809,0.0725553966514377,0.403086946565058
0.137079864637116,0.0617298719541374,0.0595082269266446,0.0965497212907315,0.0547347842872173,0.590397530904153
0.216920423969002,0.0691308318583653,0.0465368890717925,0.181972878542122,0.0347744789329036,0.450664497625815
0.122613282096578,0.065507057250402,0.0959447435142433,0.0825699100738767,0,0.6333650070649
0.165618918569904,0.119789345803758,0.0362058343806965,0.114223548142629,0.0687939537880897,0.495368399314922
0.164729279958092,0.0741192759042975,0.0584486643389286,0.108669007249123,0.0672621471355828,0.526771625413975
0.195664613436257,0.113619433733954,0.0334047691964782,0.121818356101412,0.139084206926764,0.396408620605135
0.137918408012117,0.0844198207290511,0.0777141104786064,0.044860690862314,0.0736546039710231,0.581432365946889
0.231324928381107,0.0216410404948206,0.0237859032843035,0.120242307997312,0.0780567685893211,0.524949051253137
0.204634819736234,0.130109707503438,0.0418986323402596,0.0649062251917177,0.031137674539618,0.527312940688733
0.193397869472225,0.149327702648229,0.0262882791647262,0.0670698322220104,0.0636723957110177,0.500243920781791
0.174304577572609,0.0347093197463245,0.0380616957533527,0.0289905529680721,0.0848826952289867,0.639051158730655
0.195453179649739,0.0297973630854111,0.0383419851285999,0.0541717511654337,0.0112418810689895,0.670993839901827
0.156752998451882,0.0859519075206897,0.064838368622647,0.0977099368901394,0.00868830411036307,0.586058484404279
0.145507721816656,0.0936826429296778,0.0727960112702114,0.107229092471862,0.0366978467228508,0.544086684788742
0.0999791339769429,0.0450105898452962,0.0898585334507031,0.0515954747470448,0.0239182976898706,0.689637970290142
0.156857317969822,0.0402392918362082,0.0501533248370172,0.0728404817858624,0.00774931217282239,0.672160271398268
0.154508702108195,0.0198366693690068,0.106779257575146,0.010121991869729,0.0157416971353608,0.693011681942562
0.209755620587934,0.124574994088695,0.0578939234913291,0.0439346980433301,0.0391718774941098,0.524668886294601
0.230314075845975,0.136352937749154,0.129162182989486,0.0233856988328793,0.0109998559773971,0.469785248605108
0.138570486697019,0.0199673932747882,0.065692056954659,0.00880284091486079,0.015333823335123,0.75163339882355
0.150446040673866,0,0.131869479648595,-3.98602773765196e-20,0.0758049012362435,0.641879578441296
0.154566563851237,0.121512326405165,0.0592729366467342,0.0331893526143273,0,0.631458820482536
0.136943557665775,0.0101403512200189,0.0910482124812845,0.016337106184609,0.101038892757015,0.644491879691297
0.165639122552225,0.0306726547628975,0.0420529009038817,0.0345795572330828,0,0.727055764547914
0.167476500437908,0.107423127738371,0.0953022621069851,0.0545393428097928,0.0172642702152901,0.557994496691653
0.22237643615035,0,0.0698201141709188,0.0175547507857987,0.0459409842234426,0.64430771466949
0.297716983534898,0.059074873234614,0.0215828645658135,0.0504499638559491,0.0451188532020508,0.526056461606674
0.178982762962406,0.086785118309141,0.139503917033009,0.0486761681885776,0.0550328453467037,0.491019188160163
0.267418664203714,0.186051298358122,0.0698494963250493,0.0354731482399687,0.00783975571676138,0.433367637156384
0.144849637920879,0.0994668713501287,0.0635661922944242,0.0458262121153407,0.0831886711920007,0.563102415127227
0.214269807190017,0.128294421219575,0.0546954058889616,0.0480903975161968,0.0271431716226294,0.52750679656262
0.217991977614166,0.0937381175335206,0.0160562282110765,0.101726521608141,0.00635008981465636,0.56413706521844
0.208864970066198,0.0305718049930618,0.0264534558879148,0.0472645113994571,0.00397886863187592,0.682866389021492
0.056729029776699,0.00167688255701881,0.0350104289519263,0.0378060666922135,0.0138211873003544,0.854956404721788
0.108989069830796,0.106424165229786,0.0318397353654372,0.0413931535025566,0.0765289282980726,0.634824947773351
0.165209648529076,0.0381706088670824,0.021734419318684,0.0939513185526082,0.048528776414561,0.632405228317988
0.284680192824132,0.0438855476420698,0.0348588205148968,0.137052128141866,0,0.499523310877036
0.154982866664914,0.0666035492805301,0.0354498316315735,0.119775193064589,0.037293695361385,0.585894863997008
0.19202583603725,0.066850039586474,0.0401081926899652,0.0814024155873344,0.0246705425039775,0.594942973594999
0.117003705070638,0.0524553755777836,0.0441681765072102,0.0685214316030794,0.0144388028298128,0.703412508411476
0.256550036126238,0.0223577167304319,0.0406258963094523,0.0847922569700126,0.0392149115761451,0.556459182287721
0.196718362896843,0.0856304844947548,0.0397603965777385,0.143948303902004,0.0642999549687901,0.469642497159869
0.159582869934453,0.0944377585558891,0.0264465939188812,0.0873151563869422,0.0237444818678212,0.608473139336013
0.228124258289638,0.0349183073548894,0.038065350511438,0.0860007899131749,0,0.61289129393086
0.103981954380268,0.034691611273257,0.0397838060467759,0.0397575333739842,0.0410022087510852,0.740782886174629
0.176176246491064,0.08920041231305,0.0155691435886625,0.0628835464423612,0.0637205884274794,0.592450062737383
0.153251633988421,0.150708414131283,0.045533276413995,0.0969427267275899,0.0899233831833636,0.463640565555348
0.240440792952343,0.0839653842021283,0.0343760974777321,0.0653857567622585,0.0230113058174807,0.552820662788057
0.333169594416902,0.13085554166002,-6.20977209986235e-19,0.0774631639670536,0.0124479170740805,0.446063782881944
0.146779253422469,0.166430379999392,0.0461871570803344,0.162363578379247,0.053464104460326,0.424775526658232
0.0849675831519759,0.202693410609301,0.0168089938770451,0.0631870846272029,0.096727007599837,0.535615920134638
0.196755609101967,0.0785165779834558,0.0389803621689994,0.0409034724443234,0.0172817640488147,0.627562214252439
0.125858540375951,0.0429898640499073,0.0454953601321527,0.0657312648641028,0.0225949844846607,0.697329986093225
0.302370481814692,0.126071953205529,0.0144263763430533,0.105217094526929,0.0978045498687525,0.354109544241043
0.178885027978541,0.0424369434284286,0.0495406803651997,0.116758063252811,0.0699229728761665,0.542456312098852
0.260472680962372,0.0500773790723896,0.0609210366696156,0.107201082555162,0.047999443119603,0.473328377620858
0.207351187891887,0.103237117138879,0.0559985632343993,0.17871076625444,0.114141006019792,0.340561359460602
0.316529555715796,0.0444758951525192,0.0293737463065515,0.136851978701805,0.129238307620194,0.343530516503133
0.152072277865224,0.04833769277136,0.0962865310326619,0.0710498806940461,0.0220342402953648,0.610219377341343
0.286539729267926,0.136673206035765,0.0270195662423859,0.0807805332345904,0.03533100999312,0.433655955226212
0.188793052941899,0.085703930657859,0.029836404776339,0.0730854504502757,0.0264648262512286,0.596116334922398
0.246510204242832,0.0597484714001207,0.02886363991376,0.0678142393465325,0.0430886374864449,0.55397480761031
0.233865349164974,0.135832252164994,0.0495767096024374,0.177579866681556,0.0342465203346194,0.368899302051419
0.296625513142949,0.0983482327697779,0.010537189087902,0.139623646009067,0.12990433993161,0.324961079058695
0.190269143392871,0.0806930255047419,0.0575858362423893,0.0512040575842375,0.118208607442391,0.502039329833369
0.193211043419096,0.0640360539608756,0.072007701384036,0.0390886738865715,0.0287330604530465,0.602923466896374
0.214391676441649,0.0774300456938708,0.0752216158043282,0.080677633227246,0.0719232261568526,0.480355802676053
0.116057025300471,0.0285841391529262,0.023624770702208,0.0272916018279225,0,0.804442463016473
0.227594812217493,0.0983012837550008,0.0356950509549016,0.128670093885323,0.0711727350590649,0.438566024128216
0.164390767486758,0.143356955962284,0.0841906553905538,0.0563135993770568,0.00256406920804023,0.549183952575307
0.166944894379282,0.161050297915396,0.101463583635928,0.0190667592305811,0.0478273085387919,0.503647156300021
0.096748357283145,0.00811269853775274,0.0493498195339251,0.0943821882037024,0,0.751406936441475
0.156549721250935,0.035873661464199,0.0730131965227271,0.0463072526719771,0.0242904313670579,0.663965736723104
0.32817162155142,0.0743887263920049,0.0841980141956112,0.098306785968414,0.0212115494026962,0.393723302489854
0.139428323861394,0.0750743529547889,0.042984870595685,0.033752296052351,0.0365321144768283,0.672228042058953
0.107752801229769,0.0619026212544017,0.0675933086271209,0.02344966655428,0.0416696112616063,0.697631991072822
0.192948261970241,0.132187368801909,0.0170187561914505,0.0259676545280526,0.113254391392842,0.518623567115506
0.184494338135343,0.0176795259238699,0.03973993592285,0.111514150006914,0,0.646572050011023
0.0408106742884521,0.0891719009645159,0.0911305868501731,8.14608239940952e-4,0.0419150107295183,0.7361572189274
0.245022664741949,0.0683075578012501,0.0518174179272282,0.0322679127676217,0.0618590978496226,0.540725348912329
0.112762984215974,0.0936997965663338,0.0597085019257333,1.20751385310733e-4,0.0476593541421067,0.686048611764542
0.0966897688231793,0.0402433644181753,0.098245276524162,0.0118652851032299,0.0303385594002184,0.722617745731035
0.130080529234754,0.0978362594826978,0.0447909997795664,0.028162413301525,-1.0842021724855e-19,0.699129798201456
0.123325979476155,0.0946204184894997,0.0621096563068132,0.0303933018928069,0.0199999730396918,0.669550670795033
0.183463131223558,0.0811811437792548,0.0254367140960223,0.0576430475993673,0.0173267286640753,0.634949234637722
0.217047704770111,0.0717041862787525,0.0251574540462773,0.0684251106343122,0.0218145587722224,0.595850985498325
0.111248640500493,0.0463140980661712,0.0766330475165602,0.0100455725082449,0.0232514298899756,0.732507211518555
0.0907314192004732,0,0.0805560000475024,0.00845314805021023,0.114848478530287,0.705410954171527
0.170900733438782,0.0565198083983187,0.0662195210438268,0.0823649160660569,0.0504672621650974,0.573527758887919
0.11781367708121,0.070639810818117807,0.0505434357232021,0.0047234120964685,0.0140013525659502,0.742278311715052
0.235501682067879,0.127013497088249,0.0532997552145789,0.0256464477190273,0,0.558538617910265
0.138814557530155,0.0717575012576407,0.0433299680444315,0.0176915625057316,0.00134239751187719,0.727064013150164
0.164596971153585,0.106695962896623,0.0831839534259787,0.0152909615765399,0.0777488949658078,0.552483255981465
0.322159788756061,0.0315420425619752,0.0498716064951959,0.0859406184940504,0.0331155164050879,0.477370427287629
0.116523136790576,0.225793129409499,0.0924807236151191,0.0510611478314787,0.0298167692622371,0.48432509309109
0.101213364104487,0.137914983084049,0.0630240487159155,0.0903109826772388,0.100576892934586,0.506959728483724
0.173033157298741,0.00739595301458999,0.0796137309672258,0.00473446201257312,0.0541869554936012,0.681035741213268
0.13732243790762,0.134197672153212,0.0285479579212312,0.0103034134066706,0.0636357401810587,0.625992778430208
0.227250625684266,0.129339158677544,0.0850770604175254,0.0841902313430345,0.0539480810829314,0.4201948427947
0.120750319981747,0.136092521436789,0.0731490854008943,0.0640132318311637,0.0322172340615564,0.57377760728785
0.0984355537623301,0.0326546827674584,0.0490868331261758,0.037773587895382,0.0449304663994246,0.737118876049229
0.0879670164523219,0.0178987833632002,0.0807244247454502,0.105908092040065,0.04020844314396,0.667293240255003
0.148922860791089,0.12220582938502,0.0867720927979843,0.0426203851745185,0.0257552768261484,0.57372355502524
0.20444719472029,0.0610351300239686,0.0635624792620091,0.0483973143283788,0.0243403372399334,0.59821754442542
0.259603996021125,0.0237370498406677,0.0433418219432329,0.0644341614798114,0.0615904540802582,0.547292516634905
0.225911010410638,0.0443090997332903,0.0536406089666846,0.0571028559552571,0.0908924214345633,0.528144003499566
0.264012925085687,0.0956576171798475,0.0458518992551571,0.10425528260326,0.0660113461971435,0.424210929678905
0.194331945579102,0.0660714612212913,0.0508445365814077,0.033810796163046,0.052816405906022,0.602124854549131
0.124757775071574,0,0.0686526167508204,0.0282689548877913,0.17985836161892,0.598462291670894
0.141003679209077,0.161033777084856,0.0604335994399279,0.0529444253248929,0.0736207975009646,0.510963721440282
0.106364154361282,0.013172181014462,0.0486499105762058,0.0261351057617267,0.102451771500745,0.703226876785579
0.306634094813903,0.0142422653367067,0.0708523783033854,0.109247917291018,0.0641730220961865,0.4348503221588
0.328483118575022,0.0482821008952193,0.0608525892963657,0.142088609123628,0.0174868681868476,0.402806713922917
0.0909055721922628,0.0305168679728793,0.102266419535418,0.0180490819418064,0.0434105077421672,0.714851550615466
0.13534785330539,0.010538359127788,0.0602187304288279,0.0430763343966422,0.0952518913852095,0.655566831356142
0.212547595782383,0.124672310346013,0.00815590138015153,0.0784935934106373,0.019657928648903,0.556472670431912
0.146309758696056,0.0814547388067845,0.0776782736853162,0.050935403873441,0.0738671433622239,0.569754681576178
0.133627860233358,0,0.0494047756170784,0.016586747393854,0.0123796429182927,0.788000973837417
0.161929717125219,0.100214735790086,0.0755436688108154,0.0524363723411925,0.0375969250786603,0.572278580854026
0.220265964049702,0.0378794585842851,0.0581753893768967,0.041408891347684,0.0659066260852142,0.576363670556218
0.157078186916804,0.0724937588028308,0.0401788492179018,0.0622328932962934,0.0154437524360108,0.652572559330159
0.195264436040477,0.0437593387765812,0.0101223702024902,0.0166738360725952,0.0591006579203273,0.67507936098753
0.165541099418839,0.0592852855217441,0.0330499150692514,0.0531029574533225,0.0315055519924427,0.657515190544401
0.108086854531603,0.0334283990630762,0.0434240291992294,0.0485356656430898,0.0594102371284288,0.707114814434573
0.107516364188619,0.174748187742293,0.0437010056786098,0.00899996707199459,0.0951500870007699,0.569884388317714
0.250650927719811,0,0.117989224631438,0.0374481043124842,0.0302806521776656,0.5636310911586
0.284140713813649,7.88654470886413e-18,0.0858495768146431,0.126882017307969,0.07986388720277,0.423263804860969
0.159001297765827,0.0372675918152174,0.0782443981233982,0.0569800258418528,0.0248197427137496,0.643686943739955
0.150325717830239,0.00721224330149203,0.0729734449596848,0.0688146119049419,0.0960397250709814,0.60463425693266
0.0877977782599847,0.0230965829196158,0.0695582806956434,0.00294874233831025,0.0748678888057784,0.741730726980667
0.215314917272771,0.141927000180861,0.0680307128026158,0.0883301710933418,0.0501539579421311,0.43624324070828
0.209082974307266,0.0125007765574085,0.0490837377160966,0.033140294831615603,0.0279373029732257,0.668254913614387
0.095626647487108,0.0172348488386419,0.0891283135801622,0.0201101882548302,0.107890197373388,0.670009804465869
0.26599658722177,0,0.0438374882246658,0.0334646504133641,0.130487157384008,0.526214116756193
0.11109240712344,0.0549124250249607,0.0388469841993305,0.0415130772402175,0.00525878784595526,0.748376318566096
0.128508662680149,0.0175201329572623,0.0895828141777956,0.0237514186834813,0.0115644781116428,0.72907249338967
0.118353026012013,0.0584418452991784,0.0686864993489837,0.0396332547526844,0.0123995081189542,0.702485866468187
0.110469760667425,0.0798743918423736,0.0496343635200203,0.021007890326277,0.00597267379746685,0.733040919846437
0.229238505996599,0.0248088892827338,0.0839518308443671,0.0484855349704476,0.0976340682123807,0.515881170693472
0.150428866888546,0.200676763928278,0.00705352999708364,0.0486717936642835,0,0.593169045521808
0.154131922008942,0.0197550250731449,0.0574193607569739,0.041143357221972,0.0741844182604321,0.653365916678535
0.178546378001916,0.112593289456901,0.0553557940090931,0.0192996912469813,0.00817408723772753,0.62603076004738
0.0703498143435725,0.152412601248696,0.0612182530454929,0.0846111231776345,0.0409010051240233,0.590507203060581
0.11067446245662001,0.0353067152957942,0.100836476954798,0,0.0212636476292805,0.731918697663507
0.151399610710632,0.0747758476606334,0.0646986671563434,0.0314477150938179,0.0410932560404039,0.63658490333817
0.142010407579963,0.0571641208074731,0.0284815885896196,0.0627727930065703,0.129076251413186,0.580494838603188
0.180624445451544,0.096127914173342,0.00304869202550092,0.049862152573807,0.0681129864161697,0.602223809359636
0.161033982114526,0.161873764178987,0.051292094019928,0.0608078303223561,0.064752185341491,0.500240144022711
0.118598759301279,0.0521127294079113,0.0340682897696514,0.0348427719784684,0.0062300596944674,0.754147389848222
0.0928094139146851,0.0314274744643562,0.0875263842804385,0.0286083667615632,0.0607385143528342,0.698889846226123
0.128828688861631,0.052793250617575,0.0618987321715907,0.0760073982057887,0.0796618653115482,0.600810064831867
0.212182596221135,0.076710754055341,0.0575920322212243,0.0807223434471119,0.00612978028415146,0.566662493771036
0.112083665770705,0.0347072163966009,0.0661116606210266,0.0591460948083991,0.0563409422776046,0.671610420125664
0.0825695610176228,0.025303539994624,0.0887374252940496,0.0473512613069588,0.0314911909216051,0.72454702146514
0.10454450231923,0.0683284257604395,0.052633082233127,0.0408425355332782,-4.33680868994202e-19,0.733651454153925
0.216895273602151,0.167358084272538,0.0453182262480982,0.0683631970343094,0.0312366376658384,0.470828581177065
0.209358219398184,0.0927769370247246,0.0825106510840722,0.0540050505633437,0.05257430606386,0.508774835865816
0.26902546074416,0.0540388680509909,0.0370972890988623,0.0502834935831847,0.00229093860880715,0.587263949913995
0.185902578892593,0.0302506596862893,0.127994675022383,0.0482833510677185,0.143953371869258,0.463615363461759
0.24589106520299,0.151523317156526,0.0207178425168894,0.0451616239739564,0.0707208584456514,0.465985292703987
0.166542459645445,0.139114858757935,0.0309138917613443,0.0181026069858594,0.118308848597498,0.527017334251918
0.168832216626528,0.0417047033478409,0.0885182993683028,0.041157000688957,0.0814823408699328,0.578305439098439
0.120209368405751,0.0969543233091515,0.0708842307710669,0.0331297744505564,0.0924958328231078,0.586326470240366
0.130879557540709,0.0307757132046821,0.0880106731863452,0.0207177472318299,0.0511460697841211,0.678470239052313
0.201994482680406,0.112141134751985,0.0580264010742107,0.0565112651025335,0.0894455641011827,0.481881152289682
0.167753560964951,0.0324454594650638,0.0808800865646465,0.0205923721606103,0.0400561931049977,0.658272327739731
0.095431273496358,0.0062437792252047,0.0366143765485282,0.0433863954173296,0.0242595325157434,0.794064642796836
0.248357954721966,0.143555503640662,0.0290820978708955,0.0321235290153594,0.0920971704480153,0.454783744303102
0.134942852259213,0.0599913568755586,0.0565178447704065,0.0348778838751164,0.0343396034518654,0.679330458767841
0.196748641542483,0.0328077379223399,0.0474667641681968,0.056341350487371,0.0199490986086651,0.646686407270945
0.11654223099324,0.126724952851693,0.0376458525577505,0.0579419385480334,0.0440276462975323,0.61711737875175
0.16121116675686,0.12779828317174,0.0587071627824794,0.0517570197445963,0.0330978559034356,0.567428511640888
0.269649017200305,0.0658735843920831,0.0259091611867518,0.0508385319672709,0.0649585310171307,0.522771174236458
0.176256758734367,0.107039878416713,0.0793952917481684,0.0146898871209331,0.0269341059680285,0.595684078011789
0.164868741746142,0.101085757172307,0.0363815706922897,0.00243721897765587,0.0521890611881334,0.643037650223472
0.153826702001178,0.0528338634183902,0.065279739025347,0.0283929612037686,0.148210011622725,0.551456722728591
0.0906891527575694,0.114440614867128,0.0652640402946708,0.0690210553816583,0.112731861807184,0.54785327489179
0.119837928216822,0.0545438017341083,0.10469014716347,0.0609020855353863,0.0468835646623649,0.613142472687849
0.134000228236564,1.43609698649016e-18,0.0562112002111517,0.0435455507887524,0.00741164231104485,0.758831378452487
0.157705300192445,0.192245187720175,0.0768024309464285,0.0511808873174948,0.0633754727825811,0.458690721040876
0.0806173061342783,0.0882393809368942,0.0696535773786891,0.0189232579493246,0.0711592016069842,0.67140727599383
0.119251182945408,0.0914695208242615,0.0472208465789467,0.0392304740328251,0.0293254512727969,0.673502524345762
0.0870998937435462,0.187573914292976,0.10111427813151,0.0583907784390192,0.082884619508716,0.482936515884232
0.164287566199197,0.0241172779281059,0.0663126628405222,0.0986886410518837,0.0306233115401525,0.615970540440139
0.121605234939237,0.0298209538654702,0.0665189772036912,0.0535301884208726,0.0479128888059494,0.680611756764779
0.189911554423407,0.0890560165320888,0.0350632894121034,0.0693289290835691,0.0740132552162123,0.542626955332619
0.17377895621191,0.0414869758253467,0.0590642517272097,0.0908007513646426,0.0211112472876003,0.61375781758329
0.261313821373192,0.0946512511228416,0.0148923810162933,0.0600108277061933,0.0347173213567206,0.534414397424759
0.102640147173731,0.0511544752423502,0.0601253263923202,0.00645156688495717,0.0480029461195925,0.731625538187049
0.171779122570298,0.101874245701966,0.0604918340015503,0.0585085891283536,0.014250188659985,0.593096019937847
0.233492782369296,0,0.141321569017855,0.0422624942784749,0.0626860275453517,0.520237126789021
0.0751752222062426,0,0.0650329241348937,0.00282952302604182,0.010768475508161,0.846193855124661
0.0630623831514579,0.0307903974308099,0.0354793105619605,0.0159022196267625,0.0258054100492877,0.828960279179722
0.249477733328372,0.0194961945912824,0.0116727676369386,0.0440494824841544,0,0.675303821959253
0.116457766909125,0.0490176320120066,0.0986585492708928,0.0108136570368138,0.0781464519312443,0.646905942839918
0.0887050861511604,0.0499420178364119,0.0898797023363857,0.0204582908700245,0,0.751014902806018
0.154747090961415,0.0705374568097474,0.049830957043268,0.0305385513131409,0.0576651899596771,0.636680753912751
0.17300515538986,0.0648427123309864,0.0452609139521414,0.0233828970487547,0.0490979999330132,0.644410321345244
0.263259452591395,0.0620733319444842,0.0368161528366842,0.0767707275620474,0.067585102862248,0.493495232203141
0.197192460193121,0.0380283364076845,0.145430143808516,0.057324262233316,0.0454011400738598,0.516623657283503
0.152940062886487,0.0399135995628285,0.0460363572724386,0.0422958509615109,0.0266604095975562,0.692153719719179
0.10188803125211,0,0.0523468090832667,0.014884940139988,0.0110883364282933,0.819791883096342
0.212554997482661,0.0369494508959058,0.0942324130772688,0.0331179106293438,0.0400670806934242,0.583078147221396
0.126229228222577,0.083674173386396,0.118940387551273,0.00850873012932734,0.0172251261537258,0.645422354556701
0.216022032483735,0.0236602201271772,0.0489562434057102,0.0658602284231648,0.0330507361615902,0.612450539398622
0.214223522819693,0.105546311377553,0.0544038679043052,0.0419695557132556,0,0.583856742185193
0.303992093793278,-4.8093435437887e-18,0.0415997254846456,0.0668891904330481,0.0529280713453318,0.534590918943697
0.165397468020997,0.144035983953054,0.0836341530725997,0.0833491786933987,0.0364828689739835,0.487100347285967
0.129610443400664,0.135080650033941,0.0489403688682177,0.0724500422506458,0,0.613918495446532
0.112223059311835,0.0614896503844259,0.0700033328708938,0.246000855180863,0.0473771266488176,0.462905975603164
0.146170663807013,0.0855627958201935,0.0586804839551546,0.0536091886975647,0.0805846478112313,0.575392219908843
0.0490474211155953,0.0772437864997333,0.112246596036656,0.0942769943679664,0.0544770617088144,0.612708140271235
0.134914182932173,0.108729326511302,0.0665026261006025,0.0239969810181043,0.0426511318974649,0.623205751540353
0.105849814074909,0.0721812946752342,0.0490189872232443,0.0411294810027661,0.0371218682068801,0.694698554816966
0.0969129670116655,0.19444217651242,0.0831973856088668,0.0402372150317353,0.045128283249385,0.540081972585928
0.0440991938323524,0.188394619942961,0.0938678335596331,8.69238015542998e-4,0.133051988101737,0.539717126547773
0.0691140330235994,0.0654963845932529,0.0526363226807246,0.00497900968012766,1.79107568715726e-4,0.80759514245358
0.208399028020839,0.0794819915606978,0.0419442741930953,0.0484771091395322,0,0.621697597085836
0.33086607421464,0.0192467118731092,0.0537292884145929,0.0584839974907555,0,0.537673928006902
0.109258438504091,0.0556509935985901,0.0331786770319608,0.0113931233004374,0.0877764089377873,0.702742358627134
0.104942024416779,0.0368852696459382,0.109385778428218,0.104287506315779,0.0839959377656719,0.560503483427614
0.172923431755399,0.0633319625354272,0.0458031722572664,0.028166609576029,0.0142291538657315,0.675545670010146
0.140515994571009,0.166848261890973,0.0498314814602122,0.118612916089676,0.0410549656871966,0.483136380300934
0.110036642549491,0.0238152987194434,0.123655217670516,0.0199189349316089,0.105462740470462,0.617111165658478
0.326235027692527,0.0376301306877686,0.0363490990636549,0.0524977266302906,0,0.547288015925759
0.332919785620189,0.101360572742345,0.0847985570383409,0.0318750377369442,0.0154636786048707,0.43358236825731
0.231098777915281,0.0469714952631143,0.0930257211083422,0.0598335882486476,0.0610440230535483,0.508026394411067
0.315202130010683,0.123551821038663,0.0454847371602013,0.125248389829314,0.122277010744781,0.268235911216358
0.111388351977111,0.126099985620407,0.0652143896725389,0.176835415900516,0.0320970729721023,0.488364783857325
0.25981340795026,0.0564691303752003,0.0694908995411624,0.047572315718854,0.0365243260763355,0.530129920338188
0.199469368845188,0.149267788577009,0.00434918198432962,0.127704434563444,0,0.51920922603003
0.132426260969306,0.107351465996737,0.0678113423265777,0.104137835785401,0.0114828612102578,0.576790233711721
0.298444670593474,0.0536599240448634,0.00154139025690019,0.0519203878159473,0.00116450700764642,0.593269120281169
0.195072657525113,0.142214936970535,0.0331410224861592,0.0849286085751762,0.0573557784205195,0.487286996022498
0.284947063502781,0.100340631116329,-4.33680868994202e-19,0.179938214251944,0.0214807509736235,0.413293340155322
0.0823834861724357,0.108111675817,0.0810097244345444,0.0781496865057396,0.0454954664080089,0.604849960662271
0.296515591776665,0.049268674770941,0.0290126549021678,0.147294922363602,0.0632442441289234,0.414663912057701
0.151366514959517,0.0499848845730479,0.0415205646210764,0.0828456030995473,0.0184855767259999,0.655796856020811
0.166756017195036,0.0647481823200999,0.0530286728555392,0.165293202588027,0.0556404331567672,0.494533491884531
0.333099461763303,0.100511705562601,0.00695331865505332,0.153359223663257,0.0809333765944067,0.325142913761379
0.206560037601764,0.0220471914163035,0.0528975699187842,0.0733485886208878,0.0792360436555072,0.565910568786754
0.197638304475115,0.0796723153074424,0.0596427546789837,0.0693980669184651,0.0177334363780951,0.575915122241899
0.264168181407377,0.0859538219402726,0.0405927872866233,0.0754380329172556,0.091737543728833,0.442109632719638
0.144416807119969,0.103921566941786,0.054482933371296,0.114170354484649,0.0405592991483942,0.542449038933906
0.278763106775065,0.0728560601733924,0.0564047059305218,0.0628890590145737,0.00721717937579045,0.521869888730656
0.195123173069756,0.0787515003133134,0.0656337353649793,0.102181636164768,0.0551524231988605,0.503157531888323
0.232839951137895,0.177315935723407,0.0634065337830769,0.116599505697597,0.0807690050744559,0.329069068583569
0.169859545458048,0.0772212306359669,0.0504384197154925,0.186106892753053,0.0800548640435054,0.436319047393934
0.179357403255308,0.0687955253890044,6.76775579673831e-4,0.057802891718077,0.048206082199353,0.645161321858584
0.166741001939087,0.132435153805144,-8.67361737988404e-19,0.0593395552979278,0.0665639874248167,0.574920301533025
0.107384712752898,0.139468637270799,0.0265423374541964,0.0675590007775797,0.0439878617805937,0.615057449963933
0.23010464836777,0.0955079160079501,0.0574320399465161,0.108089045777775,0.100250144784016,0.408616205115973
0.28633452925854,0.119746884262768,0.00492708805815859,0.111107455698013,0,0.477884042722521
0.370474246692216,0.0673538527033389,0.0428862243382578,0.0644131570629905,0.0329955941137802,0.421876925089416
0.246260853593696,0.123496954180007,0.00364208374439155,0.10301332677864,0.0285344373779733,0.495052344325292
0.418622401158959,0.0840727398698339,0.00931332897448454,0.105558852880656,0.0348114578598078,0.347621219256258
0.105339402618589,0.0727071667227602,0.0191086073215684,0.0776466979047103,0.0398733392044496,0.685324786227922
0.365460629918076,0.0936800016268581,0.031568598545605,0.111527541550419,0.0340980646664019,0.36366516369264
0.194612860438221,0.0416437219923245,0.0590285380794265,0.0913885712920047,0,0.613326308198023
0.163624075166913,0.103160841168788,0.019353115593064,0.0748637799136584,0.0643211810862201,0.574677007071357
0.210279874619234,0.110060369229111,2.29042136354612e-19,0.20301582172655,0.0771506321220309,0.399493302303074
0.197417791240444,0.0212545167238938,0.0420916714029901,0.0207024748493779,0,0.718533545783294
0.10615836037585,0.0447682066711585,0.0916427890856387,0.0164431194037502,0.0866392399144754,0.654348284549127
0.071195144196063,0.018832941397665202,0.0701870651006564,0.00728763267074748,0.0153816697594635,0.817115546875405
0.109694273888031,0.0340904789282669,0.0846793291991881,0.0106945896687201,0.0150851683876701,0.745756159928124
0.149288644930422,0.0423379826033281,0.0278490308742048,0.0378642630331537,0,0.742660078558892
0.105506097704671,0.0809483318615335,0.0505998598831325,0.0347914624956402,0.0238812365926594,0.704273011462363
0.0884327054644388,0.0429969338149047,0.0591766125644783,0.0118308567581155,0.0286957118870893,0.768867179510973
0.130391209755712,0.0441167674545719,0.0614556254588009,0.116588472387125,0.023749852931231,0.623698072012559
0.162850593770764,0.0386754463149185,0.0331674352388924,0.0183625288825721,0.0606223699427749,0.686321625850078
0.0978289488226117,0.109671127148269,0.048553170874541,0.042853006620944,0.0069251045129996,0.694168642020635
0.286246254506088,0.143518636578767,0.0540373857397888,0.0786652811460023,0.0593837966305613,0.378148645398793
0.0509040662682059,0.088495321370219,0.00765405702649487,0.033505232324069,0.0553687405005692,0.764072582510442
0.149110744928838,0.0534948101464078,0.0489523391836488,0.0302033902121681,0.0410513826603439,0.677187332868593
0.117091576779287,0.116206427147825,0.0460358833854281,0.0516053990271156,0.0220296394960828,0.647031074164262
0.20364307008078,0,0.0196033229436627,0.0919217103669728,0.0371929271343142,0.647638969474271
0.213506537413152,0.0653555746924415,-8.67361737988404e-19,0.0677718988861944,0,0.653365989008213
0.143416329735729,0.0592177299134946,0.0934581343796299,0.0222414326084634,0.0140474224681058,0.667618950894578
0.161042309223159,0.0323166931433785,0.0780209043258399,0.0297720513697845,0.0667338446978907,0.632114197239947
0.159500122207952,0.0136060450265239,0.0927007295308114,0.0199800963545952,0.0529822962970197,0.661230710583098
0.0766076030722696,0.0400809898894801,0.0914117579479955,0.0488846229242695,0.00713251227820963,0.735882513887776
0.152139073304312,0.0808620256115054,0.0698476039246957,0.0378858243006698,0,0.659265472858817
0.182274727799537,0.12569017155708,0.0630745770151979,0.0410112774058627,-6.93889390390723e-18,0.587949246222322
0.156375306696927,0.114618830133401,0.0263196048853407,0.0559625761763373,0.0226164224553121,0.624107259652683
0.177292066781118,0.0902303812002992,0.0500024306382419,0.0548507742474751,0.0888184536699663,0.5388058934629
0.203258134118444,0.160074581953808,0.059669884875588,0.022948266122609,2.34632759832808e-4,0.553814500169718
0.147566103714912,0.0729319915456522,0.070345510310567,0.0449967767730081,0.057691548674531,0.60646806898133
0.160642755094066,0,0.0283696029508768,0.0263043808038912,0.001494735337254,0.783188525813912
0.221520628345156,0.023436275480997,0.0163052443217155,0.0610290787683906,0.111978720174577,0.565730052909164
0.152726435983712,0.0627749091497669,0.0435338203989836,0.0594240386071317,0.0621265275554945,0.619414268304912
0.203317921297541,-8.67361737988404e-19,0.0395374024409055,0.0615724162488318,0.087525640415565,0.608046619597157
0.126636047392954,0.0291547235401657,0.0244209735596475,0.0913301798403341,0.0812558604773365,0.647202215189562
0.195855741868433,0.096318545248645,0.018277818581069,0.0899760732741981,0.0970639594561877,0.502507861571467
0.262507294632572,0.0591325805508568,0.0366960453439726,0.063346770397352,0.0777638585000422,0.500553450575205
0.103954687212163,0.0379066472964047,0.0791004660703557,0.0607202139476011,0.0316635823747844,0.686654403098691
0.145199785256173,0.0651976373163711,0.0596695191962962,0.0420249418930503,0.0247827184458705,0.663125397892238
0.245644190885933,0.117290029610028,0.0376824371033644,0.0705654309236738,0.0391347661230348,0.489683145353966
0.25414532945191,0.100439967122273,0.00573819577762738,0.167289006752046,0.0342786252881785,0.438108875607965
0.103269099366392,0.0366961276862653,0.0209786324262758,0.043198849718714,0.00586378443164485,0.789993506370708
0.1995278459949,0.00328789253335256,0.0304026979742717,0.131987814938903,0.0209864638719146,0.613807284686658
0.269134860027769,0.0351292734662922,-4.94168193413136e-20,0.145659493053892,0.0188200137496305,0.531256359702417
0.140198448293014,0.0524174548055644,0.013090729930327,0.0556182947839444,0.0375163820620912,0.701158690125059
0.246884950959493,0.0824409894739696,0.0196295041291422,0.0711926308895022,0.100032031406684,0.479819893141209
0.287269462492896,0.132337998348669,0.00348965481563774,0.0408842067573543,0.0573162086436567,0.478702468941786
0.172593042551914,0.0736861965809273,0.0522760510281649,0.0517511545206153,0,0.649693555318378
0.198986927081267,0.0291753118922583,1.8336046304793e-18,0.156608459209614,0.0317187675785693,0.583510534238292
0.155466668466436,0.098202424720834,0.0136254531584324,0.082435460930948,0.0389901602564621,0.611279832466887
0.187622257986975,0.18907420168973,0.0131804129193004,0.10906491957607,0.0143280197180318,0.486730188109893
0.157354081884084,0.0906647013700669,0.0249532644548372,0.0721688818452284,0.0691756825646189,0.585683387881165
0.0781560656065204,0.0205834171174616,0.0615640493618836,7.51116307223869e-4,0.075961310292732,0.762984041314179
0.0991089201167545,8.67361737988404e-19,0.0675821649632307,0.0132416859486426,0.0274007719711533,0.792666457000219
0.00843630174181182,0.153266176499351,0.0716142827903639,0.0191296424896542,0.148916166012889,0.59863743046593
0.154667158896471,0.057313064928995,0.0675296020349402,0.0672054410433323,0.0532423294242451,0.600042403672017
0.232675493912725,0.0017422190312372,0.0473613227357303,0.102689735162891,0.0889812929346193,0.526549936222797
0.0969635182069741,0.0295606882068871,0.0663119464824438,0.00364780233640557,0.0654832867200931,0.738032758047196
0.0717905632826886,0.131162020321059,0.0547581601321163,0.0186011095866191,0.0567291507283267,0.66695899594919
0.106672288380514,0.0752565199033639,0.0622931360891196,0.0282285954299109,0.0318487197409092,0.695700740456183
0.182105364739821,0.0890869799799344,0.0827096074375292,0.030652143593701,0.0404369700984755,0.575008934150539
0.193791543162477,0.0663200262678582,0.0774286368436971,0.0553937282316509,0.0029135707791032,0.604152494715214
0.198589463398349,0.232245921489229,0.0488495652130657,0.0212766344470594,0.0886205005998251,0.410417914852472
0.0983543722321123,0.0832609440743823,0.0523574891643394,0.0219039604811184,0.0725520915114556,0.671571142536592
0.101252998555124,0.0748068393106003,0.0791558421026107,0.0495747100238266,0.150632488769759,0.54457712123808
0.0778908383262309,0.055072392977702,0.0694992904397012,0.0267865560091594,0.0168657674304764,0.75388515481673
0.0996979912528578,0.131653963851604,0.0974932198157426,0.0538094286156419,0,0.617345396464153
0.0250034010582997,0.00824475622551681,0.101169070766112,0.0691887755970301,0.070189554266168,0.726204442086874
0.117583485599803,0.0431884217806843,0.0907868150501646,0.0382932606976739,0.0270137622744859,0.683134254597189
0.229872199947377,0.0533994842422036,0.0447167112668912,0.00151939789963834,0.0109887467362043,0.659503459907685
0.166960913472193,0.0897094882901231,0.069562296128601,0.0156099976245994,0,0.658157304484483
0.178077009610803,0.0378152904712975,0.0403148564389441,0.0242821204979465,0.0044389809834624,0.715071741997546
0.0896288774636283,0.060160953143221,0.0909476157821987,0.0140799796078066,0.0431715709287047,0.702011003074441
0.152994610154545,0.0505388535317155,0.122137532263005,0.0336546314644941,0.0888723729971406,0.5518019995891
0.102833457657114,0.0289873609941916,0.0928979566172816,0.0161717485195764,0.0820196556398248,0.677089820572011
0.102199470598723,0.0714408784781303,0.0914371920275625,0.010236743887054,0.101432726172518,0.623252988836012
0.136843085512337,0.0778631571178208,0.122950023606393,0.00738003907561681,0.0663818859099759,0.588581808777856
0.245676405444052,0.0211762421717708,0.0765161017865815,0.0849478450859181,0.0482626358964035,0.523420769615274
0.0940568251301966,0.0515172436100838,0.0552253913556979,0.00618553417844573,0.0643032472570355,0.728711758468541
0.0947949398644306,2.78514641981294e-19,0.100624427054842,0.079455471416831,0.0708349822882917,0.654290179375605
0.136239972625087,0,0.084243272100629693,0.0393159964794677,0.0463432320817583,0.693857526713057
0.0659799715773514,0.0783395684203256,0.0773178085515033,0.0137176870881654,0.102688847629463,0.661956116733192
0.117627716847281,0.0154031374471501,0.0728151524277416,0.0121988904689642,0.0849192293307722,0.697035873478091
0.0921911566863394,0.18014993710293,0.0385849897296574,0.0496496914538717,0.0274401360362543,0.611984088990947
0.221930397199282,0.0554403159938745,0.0591801879504489,0.0436872001072465,0.00395654624911417,0.615805352500034
0.110848753021426,0.0478808105875702,0.0579255104597484,2.16840434497101e-19,0.0817198007777448,0.70162512515351
0.118940265344341,0.0271081774423533,0.120343844812589,0.0155305202858775,0.0277605738625667,0.690316618252273
0.0908934656389433,0.0281945416568576,0.0965088563376365,0.0471356207197716,0.0587445064394212,0.67852300920737
0.147561425872565,0.0877696411700431,0.0425232821673534,0.0232808025341349,0,0.698864848255904
0.0782671535667323,0.02671276598807,0.0746714320015075,0.0129413019717267,0.0457540530602106,0.761653293411753
0.131356138584058,0.0469716242462337,0.0834101976940201,0,0.00646782400981873,0.73179421546587
0.133926898196775,-8.5271527456753e-19,0.08545803934684,0.0384814473036581,0,0.742133615152727
0.235963375776127,0.136828692304683,0.0329651834622792,0.0836081811361454,0.00376107674072545,0.50687349058004
0.220918675208591,0.12395167195564,0.0254401369737703,0.104382050099167,0,0.525307465762831
0.165173598612659,0.0863009235713324,0.0365538143364942,0.0748471319077163,0.0121274058125344,0.624997125759264
0.115215548261501,0.120838199356682,0.0672055872397408,0.0648763833296455,0.0527412197610686,0.579123062051363
0.15010391868407,0.0249864704581942,0.0734805169734083,0.0258654213515667,0.0405562961479296,0.685007376384832
0.0478248684105354,0.065788799740646,0.0830400023319335,0.0575119650183623,0.038273662701787003,0.707560701796736
0.107881254289997,0.0987498794955561,0.0533951063411468,7.57364309436407e-4,0.0896652984491962,0.649551097114668
0.150064026399548,0.0631687623411483,0.0610137720081902,0.0393769811524406,0,0.686376458098673
0.158928618590982,0.0202799479285628,0.0453701151802359,0.0470567174712347,0.0190771755346318,0.709287425294353
0.146087518656439,0.0663078810447046,0.0711619983304294,0.0456627412356051,0.093207133721867,0.577572727010955
0.208051381109261,0.053428302951664,0.0212806574208551,0.0413693933568325,0.0919685450317397,0.583901720129647
0.196398798263392,0.139745151643572,0.108241398531041,0.0710393803962038,0.0673998498239228,0.417175421341869
0.152735949350017,0.134798250516481,0.0933963698553304,0.0203814112994518,0.0478920862851028,0.550795932693617
0.204110840399468,2.35816112803342e-18,0.0152663047989731,0.0315443066948104,0.0522407993232114,0.696837748783537
0.421482575609086,0.036468513338465,0.0055161895326916,0.0616267231951034,0.071404944592484,0.40350105373217
0.205418183619753,0.0946624063815011,0.02987392399728,0.0538515987849548,0.0919177720070051,0.524276115209506
0.207845380879128,0.0947394448684972,0.0578207715075715,0.0374684750359058,0.0584050079876465,0.543720919721251
0.166609838967203,0.0506401666457493,0.0357005088262739,0.0422575969915037,0.101617855891054,0.603174032678216
0.0833494929132409,0.0445090244435723,0.0393865791750552,0.050563556624516,0.0273301255594667,0.754861221284149
0.256876536770653,0.039621534651792,0.00830618689251387,0.0550642580380496,0.145057404653319,0.495074078993673
0.0689840537403703,0.0598509470993847,0.0812391598719582,0.0190482205164428,0.031039845063879,0.739837773707965
0.233337046063426,0.0182699247564073,0.0382189701132486,0.128001565711119,0.07005647789289,0.512116015462909
0.171665052572371,0.103736495342129,0.0613511434802371,0.071662429637455,0.0341323550122647,0.557452523955543
0.143896939421575,0.0851403512156953,0.0672874923251173,0.0609972165935871,0.0102263069168198,0.632451693527205
0.218293297789878,0.221466180332887,0.0340466972187996,0.108258169460082,0.0262135864214373,0.391722068776917
0.166475616652682,0.0534319047102156,0.0314733930129557,0.0521712732075371,0.0430416481646111,0.653406164251998
0.134820407953817,0.0560056331498219,0.0532427527974191,0.0333267589844002,0.0679791231957398,0.654625323918802
0.157374347669803,0.0547094884938217,0.074559876494393107,0.01489825419758,0,0.698458033144402
0.166307463819147,0.0474598594923072,0.0738366916868331,0.0609850940485161,0.0861512390683246,0.565259651884872
0.124961945541264,0.0140246525520342,0.0872264269237878,0.0509676559818333,0.021752486082011,0.70106683291907
0.233164190136684,0.071496834562639,0.0435088126434946,0.138710834617711,0.00180861157881065,0.511310716460661
0.231381071716766,0.0280945183471476,0.0804560368946146,0.0267940601569245,0,0.633274312884547
0.179529362677436,0.102148673356315,0.136660053096937,0.0595326237331502,0.0495907354994237,0.472538551636739
0.158262970007188,0.136985574865538,0.0501725953255774,0.0536352320155002,0.0564364744036586,0.544507153382538
0.0735725524303628,0.106371448162061,0.0412306336028207,0.0293696741922463,0.0850660403203423,0.664389651292167
0.226559327708823,0.131748115036759,0.0432620482633298,0.0605292406205355,0.0368230541645412,0.501078214206011
0.10328371649375,0.0779015546862424,0.0622973717893736,0.0234617760493782,0.00257106208012573,0.73048451890113
0.103211137284625,0.164424682592624,0.0635141496529763,0.0396676858415817,0.0495016703114834,0.57968067431671
0.133737364391523,0.0526258130519495,0.122209063343887,0.0382551092370731,0,0.653172649975566
0.164663200496605,0.0927456036063369,0.0791109895580357,0.039468102022971,0,0.624012104316051
0.240185369803242,0.0938456702872517,0.0699125016077425,0.0607160372223894,0.0573420017088523,0.477998419370522
0.187767238466392,0.0755996110664392,0.036730347132349,2.78587861047719e-20,0.0652743368223127,0.634628466512507
0.256660879051983,0.0707015250137519,0.0448946375010386,0.0583628006662887,0.0426270052313503,0.526753152535588
0.130565442205,0.0491049340511439,0.0406514462890421,0.00874103766436975,0.0198763968635299,0.751060742926914
0.210206555564833,2.65561490791438e-18,0.0751375519483521,0.0456764265935915,0.0585222122116603,0.610457253681563
0.195288051452954,0.0514188054973231,0.0817524050489644,0.24740840328482,0,0.424132334715938
0.0631594566298445,0.0777610529020816,0.0980510711948997,0.00577050799031203,0.0540813775915592,0.701176533691303
0.151681316106262,0.0695264924882601,0.10630614789016,0.148316467563815,0.04462630411298,0.479543271838522
0.0851361773469914,0.222049742741434,0.0332728790585959,0.0161924278764282,0.0638656601271041,0.579483112849446
0.311787864693329,0.124248125423733,0.0172201749316695,0.0473111946615322,0.0957204945365085,0.403712145753228
0.107087945093899,0.0832360777678036,0.076259328741298,0.00685300355419804,0.0144495271647788,0.712114117678022
0.0683955608963405,0.209127991585909,0.0633016515073141,0.0499508168446812,0.0530786646292301,0.556145314536525
0.13943748874626,0.115168017249238,0.0834819923236832,0.0391869528796792,0.013455956288272,0.609269592512868
0.0499098010970036,0.0490870580561174,0.0700269560274981,0.068584107618518,0.0370428388861649,0.725349238314698
-1.27106878132314e-18,0.274484475479188,0.0286476035364884,0.0195936870341372,0.134581442503848,0.542692791446339
0.0597573077405528,0.0156017382894076,0.0506803983423744,0.00680535885608204,0.0744426511000729,0.79271254567151
0.0910229074050554,0.0593098683562609,0.0753212769805916,0.0477661072433522,0,0.72657984001474
0.255374398813176,0.0228307531235728,0.0275893384809219,0.0251600390283276,0.00517095164210895,0.663874518911893
0.0758928211570225,0.0316146705603054,0.0745591791774915,0.0203831933418932,0.0187115154888937,0.778838620274394
0.159803394210479,0.082148843314651,0.0380140885611476,0.0615335778360089,0.0527647880397699,0.605735308037944
0.121583602985411,0.0837049983388652,0.0518607634507144,0.049570575828448,0.0905829346196341,0.602697124776927
0.139613902942784,0.159012768192103,0.026322481336986,0.0575373848753466,0.111546439362667,0.505967023290113
0.142638829470142,0.161548323640937,0.0647264471148596,0.0276392892795524,0.0622479082235238,0.541199202270985
0.216343385526591,0.0715596308949779,0.021452858084654,0.0979148419854718,0.0564419180363798,0.536287365471926
0.242595406307118,0.12520417120357,0.042207584517063,0.106482730696586,0.0112115127598178,0.472298594515845
0.0338293874364819,0.0691029467901657,0.0541625745482882,0.0147434509134593,0.0270934688683398,0.801068171443265
0.207956473545692,0.113727281636864,0.0988761670754138,0.063181548499258,0.114553267950079,0.401705261292693
0.155278085710361,0.106783388443191,0.0201062144448481,0.144896783458809,0.00449392618364442,0.568441601759146
0.12859819516453,0.0453492324022241,0.0209579153794085,0.0184184786429891,0.0376277632933058,0.749048415117542
0.119889318449642,0,0.105343534444434,8.67869118110109e-4,0.0438619895544591,0.730037288433355
0.135842335690062,0.0678882641067358,0.0629017190361708,0.00575567208497799,0.0432044894775044,0.684407519604549
0.163401479215627,1.46227136683424e-19,0.0464152616404349,0.00463871635773682,0.0881990672252882,0.697345475560913
0.11660685816766,0.0433494989797648,0.0776669112551066,0.0242849309445353,0.0406987991696738,0.697393001483259
0.114031699375122,0.0538385109861409,0.0771646935042916,0.0581163113335886,0.0564293127836864,0.64041947201717
0.0661568520655992,0.0109960074410568,0.122053934991082,0.0051055344510274,0.0177518418609037,0.777935829190331
0.0834380124935694,0.184492437183912,0.0570222649441074,0.0203687588744454,0.0255785344059682,0.629099992097997
0.092417458605754,0.0842469938767465,0.070621954993202,0,0.0459017686580685,0.706811823866229
0.191606426668471,0.0769845450529638,0.0271721159010946,0.0483100776662106,0.061052965232908,0.594873869478352
0.0939853870077187,0.0335565662672279,0.0396727590086591,0.0259374046796854,0.0976443850958455,0.709203497940863
0.184020852836517,0.11684822755024,0.0326930075662811,0.0554694789015699,0.055113368317423,0.55585506482797
0.0798125413685317,0.0533291844215478,0.0788522275281135,0.0147296498098816,0.0307368771121072,0.742539519759818
0.151676587592738,0.139950151131319,0.0480310434376679,0.0288791649429168,0.0219151581975477,0.609547894697811
0.174103528454556,0.0333931276179994,0.0517188567342314,0.0313958975649821,0,0.709388589628232
0.0802892565837506,0.00688927220340655,0.0214713782151944,0.0328534200865194,0.0114060765679966,0.847090596343133
0.0358205796670175,0.232016551586957,0.0179097864207295,0.0376524770480461,0.0858309495419384,0.590769655735312
0.139597331668775,0.0450966663566825,0.0812116606410257,0,0.0520080546897846,0.682086286643733
0.116020488404416,0.0552930845745223,0.0810348868087143,0.0519289812658612,8.64718623738136e-4,0.694857840322748
0.0626089348941938,0.0891972948850143,0.0654107411443848,0.0285481255575339,0,0.754234903518873
0.138687873604567,0.0608564594897848,0.0699308977776921,0.0369896868386157,0.111710053268503,0.581825029020837
0.0343486670627949,3.34161028391307e-18,0.0526505619785847,0.0064256920739643,0.0388313974879006,0.867743681396756
0.24784231709447,0.11099616238742,0.0193070432946427,0.018604570778915,0.00110702093434379,0.602142885510209
0.15956271230641,0.0737421805406883,0.0511549520825524,0.0408217113031491,0.0205423147101029,0.654176129057098
0.244007414461359,0.139898251595102,0.0247566556662431,0.0666965884129693,0.0312413295445026,0.493399760319825
0.15808682468386,0.128476016802173,0.00693264986136371,0.0309198142335532,0.018772091491429,0.656812602927622
0.116672058886737,0.104449810012231,0.026781628091553,0.0396400682468645,-1.73472347597681e-18,0.712456434762615
0.194718085213744,0.0843383111415679,0,0.0584637770553223,0,0.662479826589366
0.125781017497738,0.0757095268176638,0.134710203628274,0.0768745015403355,0.103826524258094,0.483098226257895
0.29038496962486,0.109841315207719,0.0300850500483819,0.106638922834035,0.00429460540018563,0.458755136884819
0.156666249762931,0.0731328707189194,0.0605930739429957,0.0579640925474448,0.0516306001353937,0.600013112892315
0.173454662088797,0.0616348777676948,0.0611276099283274,0.106663565908911,0.0903323009883161,0.506786983317954
0.206531687240666,0.122749584940868,0.0475727851864597,0.0582638106123876,0.0412229150792305,0.523659216940388
0.123186335244718,0.104540932840967,0.0421786167732737,0.0438029750052275,0.0136764624255099,0.672614677710304
0.165698217984265,0.0522920046304035,0.0306461624125472,0.0452119015276906,0.0348672017938633,0.671284511651231
0.172137502344203,0.0803754709323263,0.0550770091532786,0.0647871769496553,0.0568362009521656,0.570786639668371
0.188918131007502,0.0836238940792761,0.0772153180487651,0.127970314083218,0.0577367046850808,0.464535638096158
0.133823459345799,0.0222596423677345,0.0576483500869518,0.0727564316584152,0.0330696981306809,0.680442418410419
0.139555215288658,0.00247019109054542,0.0479486874635298,0.0577717601104618,0.0913052365682125,0.660948909478593
0.357897701290928,0.125340146271785,0.0408453270051315,0.0941126552232249,0.0719353474140933,0.309868822794838
0.131067126334988,0.0904225240091189,0.100535913440059,0.0355765030477818,0.0587497824543843,0.583648150713668
0.193951521739804,0.0557670932491661,0.0738248593469604,0.0385246865941246,0.118671606076941,0.519260232993004
0.0832503108735775,0.023459005477764,0.0541372459155508,0.050877687686947,0.0169965356809931,0.771279214365168
0.0598470475067859,0.0650357602911666,0.064121660256827,0.0354833182185592,0.107536474049007,0.667975739677654
0.157986639227709,0.0715026870750108,0.045921214801812,0.0406332926854134,0.0790899925885851,0.60486617362147
0.0852473945162955,0.0838971430005474,0.205616231613486,0.046501497846816,0.0259207729695053,0.55281696005335
0.132218788768997,0.0662840405225444,0.0398578339681914,0.0878559453746572,0.0746414161309076,0.599141975234702
0.251716328931925,0.0590367397347933,0.0179996531343421,0.10932220444668,0.0329728163673591,0.5289522573849
0.0882158618186289,0.166005129152679,0.0384509160992844,0.0626110191431399,0.060506620055652,0.584210453730615
0.0590834493687535,0.0765637130531724,0.118430998452646,0.0280907664549518,0.0658601091623863,0.65197096350809
0.0767640276688329,0.0911143593562891,0.056986292386686,0.0969156515563717,0.0173040924821408,0.660915576549679
0.126534765923667,0.104647526455634,0.06396788079255,0.0448508158579331,0.0140042422963232,0.645994768673892
0.223593004973978,0.204418421731681,0.0128961911795915,0.104674344103338,0.0528024932983783,0.401615544713033
0.136570404322646,0.0797839558715051,0.0239645138331955,0.0491635615522083,0,0.710517564420445
0.0424412409580949,0.110906216745176,0.0692757615532542,0.0465330371457973,0.0143588148631227,0.716484928734555
0.207120925511054,0.100648712428281,0.0621372693564165,0.0301030195159784,0.0210885783104547,0.578901494877816
0.0455419028736539,0.11380183458378,0.0664094730392359,0.0288410024324529,0.0111612612716643,0.734244525799213
0.126749245748325,0.0822865621795266,0.0535390831112888,0.0269746198281115,0,0.710450489132748
0.14376237149988,0.12637506762963,0.0492529965565098,0.0345683560001606,0.0196692424192677,0.626371965894552
0.0603089582243448,0.036169848353569,0.048124979828372,0.123946785449358,0.00778429536897478,0.723665132775381
0.100353671517881,0.0427154213288369,0.0558527630825006,0.030664977818313,0,0.770413166252469
0.114798010316838,0.0597041568444778,0.065898099705240007,0.0443294950000524,0.0385031452053456,0.676767092928046
0.139982859611136,0.0375798687729369,0.0861620004788359,0.0845685970296968,0.0171577022774039,0.63454897182999
0.0569684355826047,0.00790340530455168,0.0379489959491791,0.0103210340074267,0.0348226277606874,0.85203550139555
0.204270894022663,0.0113956294266427,0.0601197782221017,0.0454707173883781,0.00465150137141199,0.674091479568802
0.0622963009047868,0.0499658650754625,0.0809048750202431,0.0375435532195786,0.0939367623793758,0.675352643400553
0.164126539454675,0.0748351010082372,0.0750397984972087,0.00774804359444452,0.199351501001673,0.478899016443761
0.0669166851483044,0.131999927987986,0.0679239534392674,0.00200211474201715,0.0477437044860767,0.683413614196349
0.07917690911059,0.140399050272262,0.0414118920113916,0.0515667424977574,0.0980902250641664,0.589355181043833
0.107711791516094,0.120658325463988,0.0570984449235664,0.0202512524674159,0.0430474718681449,0.651232713760791
0.164244173878251,0.00545230136891519,0.0616199548384495,0.0575962131505202,0,0.711087356763864
0.13727006649442,0.060368938514031,0.0369758333327962,0.0616747468918458,0.0599703524127398,0.643740062354167
0.10342112563281,0.059846523894915,0.100863789980894,0.0458879836697905,0.00758113046474459,0.682399446356845
0.0569380049026874,0.0967003806196146,0.0435544440162372,0.00973122553613099,0.0309054258150616,0.762170519110268
0.175025653644239,0.16069132322215,0.0644949837130628,0.0695756793666293,0.076682047281771,0.453530312772148
0.239430528964472,0.0168451139359236,-1.72380527816474e-18,0.066387600637827393,0.0718985945819866,0.60543816187979
0.0629003549761881,0,0.0753197871660814,0.0260056545642843,0,0.835774203293446
0.10171082800829,0.0655030720149244,0.00695744013076101,0.0244160576153197,0.0975530871737614,0.703859515056943
0.0424270765841176,0.0501928681739466,0.0561033248162224,0.0468095548403669,0.044251410425784,0.760215765159562
0.147129917774012,0.0928788683727934,0.0644074530190857,0.0518784113689781,0.00622019558223025,0.637485153882901
0.137250034026812,0.0816189098474555,0.0375678458706643,0.0749941363074162,0.077501472615756,0.591067601331896
0.178819426570821,0.0658804865066741,0.0562209647791658,0.0757556653866196,0,0.62332345675672
0.130533143943224,0.0738869771906356,0.0581437045832055,0.0493525438294253,0.0168786279229205,0.671205002530589
0.189607402765642,0.0780244899725024,0.0327874544178441,0.12248128967285,0.0321823435339123,0.544917019637249
0.132525431251251,0.0827545783780804,0.014920810206946,0.0714436049837633,0.0849636427024609,0.613391932477499
0.134554021960815,0.133761730833587,0.0307774390517798,0.0376242598476247,0.0263254350243764,0.636957113281817
0.171221242760601,0.181915290884154,0.0677260067427543,0.0494057755593166,0.0348832713439934,0.494848412709181
0.137409242180974,0.0832575044732301,0.0520040364202366,0.0734450299189406,0,0.653884187006619
0.112486009972959,0.0517410130963242,0.087718221058947,0.0371979450434882,0.0611260980236612,0.64973071280462
0.0831449416817135,0.165593970128451,0.0729093712491118,0.0381941196635408,0.055790040825882,0.584367556451301
0.0824717846848284,0.0895432294368714,0.0481718813820035,0.0247027066405529,0.10135099653589,0.653759401319854
0.158870253191819,0.119551307369586,0.0215761769209096,0.0968970641049422,0.127515792360119,0.475589406052624
0.0741916929097702,0.0797521107276384,0.0388683071539032,0.0125439993369419,0.0193339039742399,0.775309985897506
0.0749496215649048,0.13875281821464,0.0397423697287655,0.0278884299492496,0.0697440658250198,0.648922694717421
0.0490286942191739,0.10057980449416799,0.0435600475867983,0.0258131172439737,0,0.781018336455887
0.0618977095460269,0.0477717259492878,0.0952013596333153,0.0305418988253285,0.100823355806091,0.663763950239951
0.160525833513771,0.143936062920957,0.0258125283574618,0.0495330930860266,0.0978364053527832,0.522356076769001
0.0803252869186449,0.104451622809255,0.0342737745682863,0.0375094780730721,0.0011115104469563,0.742328327183786
0.131203878952983,0.015904290645767,0.076740545518061,0.0798005031177484,0.0117904367145428,0.684560345050897
0.227572775011669,0.10972636860875,0.0179160372763182,0.0892434248438789,0.0204183799309638,0.535123014328419
0.144920325405173,0.140608097655411,0.054918686036402,0.0582016592775238,0.0147670789295447,0.586584152695946
0.0838551323666491,0.00408385926499786,0.0467083708499541,0.0365808844776729,0.0377296394606197,0.791042113580106
0.14092671310089,0.0852347224611715,0.0927527587245663,1.52331677410085e-5,0.0562653963883473,0.624805176157283
0.0683839459045259,0.00716418844505328,0.111364340004375,0.00130116213034994,0.00457290617459033,0.807213457341105
0.15446418945631,0.0699811066072101,0.0400487463980858,0.0246150579025031,0.163687525719009,0.547203373916882
0.0697808173881446,0.0300807083419418,0.0551058693982326,0.0064639699498983,0.0292497070390952,0.809318927882688
0.116210216948855,0.0625768686683304,0.0708179698327188,6.21833194497721e-4,0.00172173251580453,0.748051378839793
0.137864966157071,0.0364599682170514,0.00249865196370688,0.0263800178529664,0.0527778165509684,0.744018579258236
0.0328496253777207,0.190603660664091,0.0613049148944454,0.0256811866201348,0.0900359819388584,0.59952463050475
0.0490336000102192,0.164404912575057,0.0368639871467071,0,0.00110736322600029,0.748590137042017
0.0858617718696755,0.132274854038879,0.0816614152847122,0.0750642541028703,0.0452000958277398,0.579937608876123
0.0977615778464717,0.0227856764495317,0.0664196871587081,0.0223104576355242,0.0312929060136024,0.759429694896162
0.146418680816396,0.0482064132570939,0.0553215521550522,0.0138749385461456,0.0516963876711527,0.68448202755416
0.0656296852645107,0.107313209074558,0.0840331344931267,0.00806717489185657,0.060690543751121,0.674266252524827
0.127137501126864,0.0279350974567194,0.0429425469028862,0.0251063960295593,0.0155481931472035,0.761330265336768
0.101230488187906,2.58932134219921e-18,0.0587566606683125,0.0329809255193472,0.0762249176952381,0.730807007929196
0.0837523011848778,0.0448849929689598,0.0506417486050192,0.0220456297254653,0.0427436755290797,0.755931651986598
0.0692891439724975,0.0134126288960085,0.095291660611438,0.00968123180101011,0.0300536456046539,0.782271689114392
0.142472281960974,0.107847077358505,0.0769585623576078,0.0503658057235213,0,0.622356272599392
0.12138717895681,0.110234417924281,0.00517011672506235,0.0690882762939987,0.0435436524182045,0.650576357681643
0.109444648777423,0.0422886425688658,0.0506663656219815,0,-6.27088255599432e-21,0.79760034303173
0.245304625580239,0.0396553482062899,0.0366395479166646,0.0550744106544608,0.0820733627589314,0.541252704883414
0.0856608203094063,0.0322456068826275,0.0614455032168229,0.0132548876395822,0.0236320030788117,0.783761178872749
0.109122931045807,0,0.03583929654843,0.103848018070516,0.0502551455459908,0.700934608789256
0.0329771395989547,0.138972034224539,0.059748444772338,0.0174645532361746,0,0.750837828167994
0.0902038841355758,0.193198431068257,0.0325462745279473,0.0679795458775358,0.0646849334266464,0.551386930964037
0.131416710793368,0.063801482101501,0.0489317986032134,0.037388759433714,0.0591661296649878,0.659295119403215
0.180135982804582,0.127606458158704,0.0277114508152893,0.0521670851328906,0.0282431868763677,0.584135836212167
0.152199430850805,0.145427314126827,0.0143354673280052,0.0812053020179556,0.0418479079384721,0.564984577737935
0.0846757783583706,0.0754728266182722,0.055332941520936,0.020462409673917,0.00615881047265286,0.757897233355851
0.190919199601946,0.0991497919788814,0.0310189233193991,0.124639465695679,0.0822852833760658,0.471987336028029
0.205700741107544,0.0159624230388236,0.0436464691329287,0.0729018349387366,0.0695432294707645,0.592245302311202
0.105901244120969,0.00688795341929509,0.0823344708056011,0.0783338978695052,0.067422739584118,0.659119694200512
0.225514315982778,0.0600543937861977,0.0254089035825475,0.0417486126353842,0,0.647273774013092
0.231355658444771,0.0573393122600051,0.0215042312330865,0.100657265588492,0.0406151726629201,0.548528359810725
0.0868250656598686,0.140911890351996,0.0525153188817324,0.0384347355390135,0.174021680424752,0.507291309142638
0.254507828665632,0.0836265322935911,0.0665443886204213,0.0959135934889213,0.108816448723005,0.39059120820843
0.119943097062482,0.168594670848816,0.0702804147210756,0.0650530575570379,0.0796001456949309,0.496528614115657
0.0988137415435428,0.0312226691682531,0.0838387163740086,0.0283459598074867,0.0480174423970617,0.709761470709647
0.186909080706624,0.101979945223114,0.0320832167933344,0.0753184737604057,0.0198153474071785,0.583893936109343
0.145132805835022,0.0530820826236643,0.0570467418428418,0.042620088818387,0.0165249010658995,0.685593379814185
0.146883798225919,0.187606640361269,0.0251298876565275,0.0722227136328618,0.0653335389507812,0.502823421172641
0.12771228612469,0.0427419997301981,0.0695082576244087,0.0699752909340295,0.062555203955828,0.627506961630845
0.16081353134156,0.0900783495819831,0.0143702088539928,0.0669349011654094,0.177925775928434,0.48987723312862
0.0529496404489849,0.0902782520165879,0.0432345560086693,0.0373016679874637,0.0763409557182865,0.699894927820008
0.184046101023764,0.0136160269794903,0.025446807246446,0.0339042573599139,0.0605544652985198,0.682432342091867
0.167863966293651,0.0776154458432029,0.0509737585757215,0.106024073988642,0.0674669579085165,0.530055797390265
0.111275014895114,0.106449182527734,0.0309359674688712,0.0895563404429996,0.0466321200229472,0.615151374642333
0.131156172574178,0.0488200330463234,0.0648098697534794,0.0285898185611668,0.0794365949513456,0.647187511113507
0.205439209334957,0.0793039682200531,0.0315268681118263,0.030402912003188,0.039781972409786,0.61354506992019
0.105179218825229,0.011607282220851,0.0729043725346367,0.0218062194428655,0.0507292944332612,0.737773612543157
0.108971754282524,0.130945662180422,0.0457316724653474,0.0284521807634592,0.0700634684516247,0.615835261856622
